time,pos_meas1,pos_meas2,vel_meas1,vel_meas2,tau_con1,tau_con2
0,0,0,0,0,0,3.22703838348389
0.002,-0.000285730516136,0.000592289819421,-0.285721901874258,0.592272620343261,0,3.77466487884521
0.004,-0.001191306422761,0.002469462956082,-0.619826121233056,1.28484481832811,0,2.84316778182983
0.006,-0.002682403616944,0.005560394337462,-0.871223858951985,1.80599219568966,0,3.56302738189697
0.008,-0.004739711516215,0.009825097291409,-1.1860147908062,2.45857217049246,0,3.70903372764587
0.01,-0.007439058849086,0.015420816616099,-1.51323474081635,3.13695114723857,0,2.66858100891113
0.012,-0.010700097058998,0.022181078297801,-1.7476815312155,3.62306602929636,0,3.17070245742798
0.014,-0.014473678885752,0.030004104804697,-2.02574453597161,4.19964761480989,0,2.54704904556274
0.016,-0.018747211762647,0.038863912325628,-2.24760576412912,4.65979300342776,0,3.60685300827026
0.018,-0.023557000033385,0.048835897609622,-2.56194051214082,5.31170476921938,0,2.99598741531372
0.02,-0.028939932420006,0.059996695321268,-2.82071127690902,5.84852746568412,0,3.01848292350769
0.022,-0.034840604292684,0.072231650678702,-3.07962583276454,6.38575257813563,0,3.56959342956543
0.024,-0.041305538954815,0.08563743037337,-3.38488447757507,7.01916967334875,0,2.45185017585754
0.026,-0.048279978059471,0.100100781242269,-3.58912161363323,7.44330701495801,0,3.10934066772461
0.028,-0.055717877835656,0.115526544039298,-3.84823647920106,7.98136039410268,0,2.33604907989502
0.03,-0.063602928832153,0.131881230166422,-4.03626522234175,8.37221574700533,0,3.20812106132507
0.032,-0.071936682161702,0.149168413114329,-4.29678137246655,8.9135364324785,0,2.82864379882812
0.034,-0.080754073533035,0.167460923213774,-4.51985800381666,9.37745157559263,0,3.02021622657776
0.036,-0.090029504101559,0.186706137558857,-4.75470759052208,9.86601099990669,0,3.01247072219849
0.038,-0.09976859010413,0.2069161978582,-4.98342062553711,10.3421092107672,0,2.70690631866455
0.04,-0.109933051717665,0.228012278326127,-5.18004927524053,10.7519632354053,0,3.00143837928772
0.042,-0.120509653944561,0.249967525877121,-5.39541658366996,11.2009822257245,0,2.74444770812988
0.044,-0.131488354778784,0.272761758789482,-5.58212051390888,11.5908943237604,0,2.20782995223999
0.046,-0.142788559228779,0.29622851137766,-5.7169919271011,11.8736500013292,0,3.74229192733765
0.048,-0.154478638863121,0.320510320660897,-5.97150107607429,12.4049427222246,0,3.02269577980041
0.05,-0.166609181331516,0.345712953121501,-6.1575736265548,12.7947183550186,0,3.79860639572144
0.052,-0.179165570295614,0.371807014106481,-6.39700993728433,13.2956845301688,0,2.67594456672668
0.054,-0.192100344963587,0.398695022827117,-6.53628510940914,13.5893339847184,0,2.53473806381226
0.056,-0.205293640151994,0.426129250195837,-6.65555985437028,13.8419657734914,0,2.0889048576355
0.058,-0.218682261575967,0.453979518724345,-6.73178612665457,14.0057343415407,0,2.29018568992615
0.06,-0.232231040482299,0.482173804205371,-6.81564884283817,14.1858456230794,0,1.47693753242493
0.062,-0.245878619728068,0.510585693646177,-6.83096226675777,14.2241071767859,0,2.02756214141846
0.064,-0.259591624515043,0.539146834345275,-6.8808759328327,14.3346947940499,0,2.42228150367737
0.066,-0.273426051343562,0.567974528451509,-6.95224343095135,14.4903765910998,0,1.91904366016388
0.068,-0.287359758272108,0.597023851547641,-6.98042525015005,14.5568754223799,0,1.98791444301605
0.07,-0.301348486646209,0.626203906823711,-7.00728306461427,14.6211489056098,0,1.88011646270752
0.072,-0.31537756584642,0.65548526233062,-7.02087843820763,14.6583871884124,0,2.10541486740112
0.074,-0.329443482163875,0.68486169480607,-7.0440695442711,14.7161262483669,0,1.68359637260437
0.076,-0.343522493271578,0.714284926120276,-7.03422387619086,14.705699011927,0,2.46784329414368
0.078,-0.357627829958258,0.74378359982923,-7.07008808431434,14.7909484593788,0,1.47504687309265
0.08,-0.371736644491534,0.773311326457703,-7.03821159017163,14.7357910296416,0,1.86221957206726
0.082,-0.385802462542401,0.802772478498547,-7.02696893385838,14.7241282245137,0,2.37414121627808
0.084,-0.399872785030819,0.832267111508167,-7.04253956466914,14.7689182478082,0,2.03941822052002
0.086,-0.413949826866795,0.8618010857479,-7.03388754952727,14.7638775953832,0,1.85578465461731
0.088,-0.427995434948954,0.891296138739013,-7.0112338244879,14.7302601822633,0,1.76827847957611
0.09,-0.441987993881493,0.920708409866906,-6.98092018592165,14.6812649927947,0,2.37927794456482
0.092,-0.455951129939938,0.950088411047312,-6.98160083630305,14.6975700244189,0,2.10973739624023
0.094,-0.469897551840274,0.979463993070248,-6.96435954703409,14.6771605779283,0,2.81058549880981
0.096,-0.483843617710716,1.00887072661175,-6.9810086133003,14.7282506521133,0,2.76152563095093
0.098,-0.497816364725296,1.03836663176191,-6.99110426822475,14.7664664831678,0,2.49768924713135
0.1,-0.511792326665385,1.06790430181565,-6.98436570520197,14.770307612118,0,2.60617733001709
0.102,-0.525757268614198,1.09745560140947,-6.98008223371465,14.7800979812183,0,1.21004343032837
0.104,-0.539643624186399,1.12688073667706,-6.90631406517499,14.6452205212146,0,2.65586972236633
0.106,-0.553450748038441,1.15617979595278,-6.90036721364192,14.6530588426248,0,3.09470057487488
0.108,-0.567263595757087,1.18553235510025,-6.91192255335563,14.6984969775243,0,2.39165067672729
0.11,-0.581064590770681,1.21490346425939,-6.88878023502218,14.6721462889653,0,3.0740327835083
0.112,-0.594847707803808,1.2442823885061,-6.8938526696951,14.7059370758481,0,3.45404148101807
0.114,-0.608654543927699,1.2737584720596,-6.91241228001433,14.7691415437123,0,3.18137884140015
0.116,-0.622483604890996,1.30333084235081,-6.91619301677595,14.8024623485642,0,2.83940982818604
0.118,-0.636303384011717,1.33293558665991,-6.90325953387482,14.8017797900864,0,3.14012885093689
0.12,-0.650107587660204,1.36256175527531,-6.90055483020097,14.8237718024832,0,2.90400743484497
0.122,-0.663894707223405,1.39220854063152,-6.88626531076692,14.8225827013407,0,3.56707215309143
0.124,-0.677677330152886,1.42190494974471,-6.89590010367063,14.87309549858,0,2.59838223457336
0.126,-0.691439529247647,1.4516200258394,-6.86611970935914,14.841804101774,0,3.07336807250977
0.128,-0.705158907884261,1.48130911260744,-6.85297320804894,14.8469079139055,0,2.79969573020935
0.13,-0.718840262457274,1.51098499042297,-6.82817973436918,14.8287684596222,0,3.7182891368866
0.132,-0.732503943914045,1.54069351328576,-6.83509458065636,14.8791664624309,0,3.13942956924438
0.134,-0.746158588085902,1.57045604344855,-6.81929615100221,14.8830844349967,0,2.9969334602356
0.136,-0.759775197671465,1.60021432032693,-6.79710523875531,14.8750111572873,0,3.28834009170532
0.138,-0.773356125113815,1.62997650904185,-6.78356149511337,14.8869075677506,0,3.13802719116211
0.14,-0.786903397166971,1.65975025122707,-6.76349357446163,14.8866599354058,0,2.36133861541748
0.142,-0.800383728701477,1.68946817990751,-6.71678883810822,14.8314218440654,0,2.88921117782593
0.144,-0.813787404778905,1.71911290514739,-6.68673578191841,14.8132738156226,0,3.66081047058105
0.146,-0.827154567167334,1.74877346535184,-6.68013303950502,14.8470040506841,0,3.22396087646484
0.148,-0.840493152046738,1.77847072984824,-6.65824992127176,14.8501622266641,0,2.94273257255554
0.15,-0.853778141637037,1.80815530216546,-6.62659477472994,14.8344293132247,0,2.58152604103088
0.152,-0.86698805376229,1.83778519061567,-6.5832389823741,14.7956108356428,0,2.67003536224365
0.154,-0.880113414206738,1.86734401608602,-6.54202827186502,14.763349226465,0,2.72731065750122
0.156,-0.893157470080721,1.89684274793941,-6.50192537218026,14.7355109977502,0,2.31613278388977
0.158,-0.906108865899444,1.92626110227815,-6.44943384227109,14.6830979305748,0,2.40600395202637
0.16,-0.918957603112911,1.95558166105829,-6.39925019719378,14.6376938866001,0,2.83142137527466
0.162,-0.931717541454532,1.98483850249003,-6.36056928752546,14.619274263546,0,2.8768949508667
0.164,-0.944400658311317,2.01406199617667,-6.32242237091779,14.6043449141604,0,2.03011274337769
0.166,-0.956983727815983,2.04320654871925,-6.26064135005296,14.5405452311494,0,2.25590467453003
0.168,-0.96944924105478,2.07223865565912,-6.20483088116378,14.4918442587958,0,2.57602500915527
0.17,-0.981811343383112,2.1011934628295,-6.15718526029319,14.4631753281792,0,2.40219473838806
0.172,-0.994073100676899,2.13008233241833,-6.10450726432269,14.425947471598,0,2.09784626960754
0.174,-1.00622127227163,2.15888115365149,-6.04363601761506,14.3731896854446,0,3.03874969482422
0.176,-1.01827145498652,2.18762870430005,-6.00640203071832,14.3744933301009,0,2.728031873703
0.178,-1.03023850088041,2.21636256289864,-5.96053824643827,14.3595644557318,0,2.68169522285461
0.18,-1.04211203840455,2.24506524284461,-5.912900629949,14.3433281805506,0,2.25711631774902
0.182,-1.0538792972633,2.27371380463264,-5.85430906287099,14.3055225748474,0,2.39916920661926
0.184,-1.06553252517301,2.30229608888917,-5.79885552224321,14.2770270478968,0,2.41157174110413
0.186,-1.07707476870112,2.33082363411044,-5.74332620789659,14.2507826780001,0,2.9160099029541
0.188,-1.08851755887421,2.35932680346018,-5.69935464580144,14.2525782136011,0,2.43731737136841
0.19,-1.09986052537177,2.38780976486488,-5.64355735595419,14.2306487296009,0,0.719758272171021
0.192,-1.1110516692043,2.41616161002684,-5.54770369066238,14.1216924181045,0,2.56388068199158
0.194,-1.12209424289718,2.44439316172352,-5.49481643839647,14.110105021693,0,2.80704307556152
0.196,-1.13303628213244,2.47261541276481,-5.4471574748747,14.1123656630858,0,1.50676846504211
0.198,-1.14385327627378,2.50077770361977,-5.3698977090557,14.0502989854528,0,3.00641489028931
0.2,-1.15454969436699,2.52889348702204,-5.32646400246437,14.0656889757081,0,1.84690058231354
0.202,-1.1651332159218,2.55698336586834,-5.25711303273986,14.0245209138738,0,2.73979783058166
0.204,-1.17559804110965,2.5850372270562,-5.20771167959817,14.0295819012448,0,1.99989855289459
0.206,-1.18594795094944,2.61306614023405,-5.14227376892724,13.9996458540111,0,2.10798931121826
0.208,-1.19616981614223,2.64104237418029,-5.07967778989515,13.9768923306521,0,2.17093110084534
0.21,-1.20626840203684,2.66897800167863,-5.01901109221721,13.959034577561,0,1.56816720962524
0.212,-1.21623344746413,2.69685040739564,-4.94620019679985,13.9137168344653,0,2.86323070526123
0.214,-1.22608137919605,2.7246969215939,-4.90183768419557,13.9330487570233,0,2.30162024497986
0.216,-1.23582944438205,2.75255655769948,-4.84639756242914,13.9268828155326,0,2.36963319778442
0.218,-1.24546913222991,2.780408905632,-4.79348550978577,13.925759659675,0,2.74384784698486
0.22,-1.25501202767783,2.80827867977402,-4.74961646200856,13.9442923962325,0,2.42170691490173
0.222,-1.26446181320169,2.83617184672043,-4.70042595878771,13.9491761721556,0,2.49629211425781
0.224,-1.27381636526412,2.86408014516936,-4.65441329072774,13.9594256241495,0,1.82201147079468
0.226,-1.28306682812707,2.89197882405454,-4.59639912865963,13.9395904156534,0,2.31843185424805
0.228,-1.29221358232521,2.91986332088163,-4.55071647696184,13.9452264938449,0,2.30379390716553
0.23,-1.30127090892606,2.94776033058903,-4.50700590228169,13.9521091432769,0,2.59356260299683
0.232,-1.3102491502893,2.97568671136109,-4.47165661639595,13.9745952851992,0,2.45165634155273
0.234,-1.3191564120005,3.0036533544377,-4.43606495747915,13.9923829879688,0,1.1175537109375
0.236,-1.32796830464989,3.03159499394783,-4.37634568965002,13.9496235896394,0,3.05402398109436
0.238,-1.33670305067737,3.05954408566941,-4.35891000247683,13.9998060350464,0,3.43320608139038
0.24,-1.34541371175778,3.08761335599808,-4.35229290270712,14.0698117580023,0,1.17872476577759
0.242,-1.35406897444714,3.11571921201563,-4.30355918659334,14.0364188882243,0,2.77642726898193
0.244,-1.36266256517548,3.14383530774758,-4.29063428620903,14.0800501462688,0,2.20430564880371
0.246,-1.37122243035973,3.17201414991485,-4.26985651083875,14.099174943736,0,2.07583141326904
0.248,-1.37974193489778,3.20022753903087,-4.25028949098676,14.1146038718166,0,1.43227517604828
0.25,-1.38821316765365,3.22844398413012,-4.22158739786245,14.1022294759515,0,1.62157833576202
0.252,-1.39663470275166,3.2566468929095,-4.20059857212983,14.1010733772099,0,1.29570484161377
0.254,-1.40501155486347,3.2848345597381,-4.17689773837798,14.0869843989108,0,0.430524945259094
0.256,-1.41332725238793,3.31295570815867,-4.13941290521599,14.0345333335381,0,0.006630420684814
0.258,-1.42156297329107,3.34095418854137,-4.09689013216393,13.964298217042,0,-0.016094744205475
0.26,-1.42971663212235,3.36881321709145,-4.05732763155314,13.8950729490061,0,1.00795984268188
0.262,-1.43781553519268,3.39658430059352,-4.04215550260428,13.8763871023744,0,0.262722969055176
0.264,-1.44587214832307,3.4242849098019,-4.01498524075363,13.8245658142729,0,-0.592802464962006
0.266,-1.45385978312101,3.45184321320354,-3.97310780608566,13.7340341287966,0,0.087462067604065
0.268,-1.46178053787948,3.47925468798105,-3.94811182263825,13.6777625750238,0,-0.136905014514923
0.27,-1.46964933170649,3.50654479064729,-3.92110670366369,13.6126432796355,0,0.992023348808289
0.272,-1.4774904166603,3.5337607455768,-3.92044746716332,13.6036783391722,0,-0.505199730396271
0.274,-1.48530119064483,3.56088869082316,-3.89067391540421,13.5245349952191,0,0.092589855194092
0.276,-1.49306720573572,3.58788892168562,-3.87570122696699,13.4759971619289,0,0.282954573631287
0.278,-1.50080947679711,3.6148031462959,-3.86691894030087,13.4385385366132,0,-1.00303554534912
0.28,-1.50850839718679,3.64158138584164,-3.83222656252429,13.3399057933288,0,-0.811457931995392
0.282,-1.51614339915659,3.66817298506205,-3.80298618643719,13.2519019710074,0,-1.33185720443726
0.284,-1.52370970157154,3.69456408018671,-3.76345608015779,13.1393448482331,0,-1.80267632007599
0.286,-1.53118730744478,3.72070754106774,-3.71422076109302,13.0042100915826,0,-0.736200511455536
0.288,-1.53859059387163,3.74663457065788,-3.68920321288161,12.9229993502681,0,-0.860358476638794
0.29,-1.54594183533396,3.77239399633961,-3.66214269692975,12.8365842221733,0,-1.43368661403656
0.292,-1.55322654650634,3.7979525173077,-3.62259829826154,12.7220245250671,0,-0.920276641845703
0.294,-1.56044403718914,3.82330855142191,-3.59495013294849,12.6341393285339,0,-1.70973777770996
0.296,-1.56758834581623,3.84844912800875,-3.54932068538569,12.5064680953027,0,-1.48283541202545
0.298,-1.57464640465317,3.87334621897222,-3.50870393664603,12.3906651059532,0,-2.00107598304749
0.3,-1.58161083617314,3.89798502155766,-3.45562359062083,12.2481044433441,0,-1.27165198326111
0.302,-1.58848570783197,3.92237661148868,-3.41920289815926,12.1435262947459,0,-2.00549697875977
0.304,-1.59526991863295,3.94652062243369,-3.36487166643432,12.0004209054455,0,-1.3004058599472
0.306,-1.60196160836575,3.9704154100556,-3.32674317824625,11.8943793684921,0,-1.61702811717987
0.308,-1.60856886962081,3.99408124807906,-3.28039728563373,11.7714177298564,0,-1.18772983551025
0.31,-1.6150932275492,4.01752400676799,-3.24387610831219,11.6713462088372,0,-1.25704264640808
0.312,-1.62154229971011,4.04076287255831,-3.20509439374251,11.5675048923125,0,-2.50033259391785
0.314,-1.62788208638777,4.06372595496157,-3.13444063878525,11.3953732454163,0,-2.22311758995056
0.316,-1.63408603454661,4.08635879692247,-3.06927768176131,11.2372891801643,0,-2.57391929626465
0.318,-1.64014931794864,4.10865487272979,-2.99372661060523,11.0585405519862,0,-2.66569519042969
0.32,-1.6460574458676,4.13058680391153,-2.91410327688783,10.8731157680217,0,-1.97117686271667
0.322,-1.65182256764574,4.15218542653401,-2.85079429204984,10.7253239184009,0,-2.65854597091675
0.324,-1.65744168314733,4.17344820900245,-2.76800939914666,10.5371567100113,0,-1.41523575782776
0.326,-1.6629262702555,4.19440418981531,-2.71640744474831,10.4187050387492,0,-2.32927441596985
0.328,-1.66828218358747,4.21506962830883,-2.63922100575543,10.2464586406152,0,-2.06440329551697
0.33,-1.67348915396628,4.23540436108027,-2.5674913099025,10.0880307723762,0,-2.89966487884521
0.332,-1.67852834514988,4.25537159912299,-2.47133617072268,9.87881717319567,0,-2.27032470703125
0.334,-1.68339034912337,4.27495539575252,-2.39037643745316,9.70468205625516,0,-2.2174186706543
0.336,-1.6880901470689,4.29419228469017,-2.30913288057431,9.53190892424393,0,-1.92882597446442
0.338,-1.69263380923523,4.31309923584189,-2.23427257705906,9.37478381246255,0,-2.64893746376038
0.34,-1.69700582863383,4.33164655614463,-2.13739892520917,9.17214947352536,0,-1.92276120185852
0.342,-1.70120274665788,4.34983082064949,-2.05925786460901,9.01184295868519,0,-2.18361139297485
0.344,-1.7052342921536,4.36767669111056,-1.97199199169991,8.83370479889717,0,-2.79353618621826
0.346,-1.70907178858736,4.38512629885949,-1.86513221243142,8.61547132442725,0,-0.524548590183258
0.348,-1.71275991952936,4.40227950108183,-1.82290403018144,8.53767971981707,0,-1.37571275234222
0.35,-1.71633781709662,4.4192228517415,-1.75479186877029,8.40547007273304,0,-2.76516485214233
0.352,-1.71973676121889,4.43581177376405,-1.64377716117631,8.18300798965252,0,-2.53702425956726
0.354,-1.72291830287289,4.45196780103643,-1.53741787214801,7.97261259836471,0,-2.67691469192505
0.356,-1.7258807936501,4.46769151137137,-1.42470972489225,7.75066636302464,0,-2.32618927955627
0.358,-1.72862644587786,4.48299169243099,-1.32062307700378,7.54914261535473,0,-2.47709512710571
0.36,-1.73115734372644,4.49787664267717,-1.20993807868161,7.33541085120895,0,-2.07712459564209
0.362,-1.73347732339001,4.5123583261342,-1.10975436006331,7.14594355641973,0,-2.24634051322937
0.364,-1.73558989648392,4.52644777655111,-1.00251250388809,6.94315156709439,0,-1.49703681468964
0.366,-1.7375098857075,4.54018003684299,-0.917260743240536,6.78887722144919,0,-1.12269186973572
0.368,-1.73927002615539,4.55362778247341,-0.842708393919522,6.65869800138103,0,-1.27890944480896
0.37,-1.74087500916082,4.56680346314076,-0.762085075482828,6.51678748729178,0,-2.27796268463135
0.372,-1.74228522855532,4.57962534215668,-0.647828582429194,6.30473889643665,0,-1.31289124488831
0.374,-1.74349661721694,4.59208794808477,-0.563369042277069,6.15767113107932,0,-1.50658869743347
0.376,-1.74453157210581,4.60424172335202,-0.471373536959029,5.99588050938005,0,-0.550388395786285
0.378,-1.74541293771005,4.61613778927092,-0.409890976221186,5.90011225261899,0,-1.00112915039063
0.38,-1.74615569667531,4.62780999195967,-0.332715510544755,5.77194909639579,0,-0.961083769798279
0.382,-1.74674453678045,4.63922787647727,-0.255977642716019,5.64580253715876,0,0.372723937034607
0.384,-1.74722413064635,4.6504882662424,-0.223622687082187,5.61465965585862,0,-0.836902260780335
0.386,-1.74759786448631,4.66159955906879,-0.149979123163096,5.49652185766822,0,-1.37405371665955
0.388,-1.74780510704287,4.67243492490799,-0.057071347172973,5.33865453632689,0,-1.27536118030548
0.39,-1.74782879149695,4.68296063749708,0.033565588850073,5.18688845046674,0,0.091505646705628
0.392,-1.74771760311334,4.69328224095364,0.077646113744259,5.13475050324197,0,-0.996417999267578
0.394,-1.74748009105939,4.70341936674341,0.160011003664053,5.00225284167211,0,-1.19443118572235
0.396,-1.7470700184183,4.71327604808235,0.250226868155812,4.85428209443474,0,-1.61937594413757
0.398,-1.7464634914837,4.72280414294243,0.356509350484551,4.67361281709645,0,-1.18466281890869
0.4,-1.74565862406012,4.73200240735824,0.448516518184207,4.52452002203702,0,-0.199087858200073
0.402,-1.74470407749347,4.74097622644643,0.506080113244181,4.44930655537071,0,0.471864938735962
0.404,-1.74365826052799,4.74985067171567,0.539713423079525,4.42523971320611,0,-1.09358096122742
0.406,-1.74248864216059,4.75855795666878,0.630049500550309,4.28193731215823,0,0.61879575252533
0.408,-1.74119982821183,4.76710955127991,0.658723288518033,4.26978224038805,0,0.734558701515198
0.41,-1.73985815416062,4.77564653082818,0.682895629976224,4.26734058371384,0,-1.63415193557739
0.412,-1.73838127886316,4.78399560485003,0.794179346610008,4.0815629716406,0,0.264946818351746
0.414,-1.73675092201916,4.792120295176,0.836171061046618,4.04321255130777,0,-0.687142908573151
0.416,-1.73500120465823,4.80009414235619,0.913640273152712,3.93059905337483,0,-0.10762095451355
0.418,-1.73311765862013,4.80788822527727,0.969936440098779,3.86352688509774,0,-1.48693084716797
0.42,-1.73106950230443,4.81543921517729,1.07839365265329,3.68733767985392,0,0.055353045463562
0.422,-1.72886164148157,4.82275977942363,1.1294774918783,3.63329772721467,0,0.409818887710571
0.424,-1.72656500476955,4.8300010231813,1.16713133252142,3.60806328161647,0,0.045521855354309
0.426,-1.72417934001284,4.83716326166004,1.21854209960575,3.55425093292445,0,-0.196894407272339
0.428,-1.72168151748779,4.84419878730106,1.27931282518587,3.48132451640672,0,0.030234456062317
0.43,-1.71907070435757,4.85110716398829,1.33150755305975,3.42713269932636,0,-0.023582577705383
0.432,-1.71635338043066,4.85790326843491,1.38582765232728,3.36904923554213,0,0.195659399032593
0.434,-1.71353586756617,4.86460159172467,1.43167224461344,3.32938060680516,0,0.150014758110046
0.436,-1.71062496553482,4.87121747767592,1.47921997503661,3.28660969255206,0,-0.087723135948181
0.438,-1.70760971307066,4.87772886257475,1.53604563523834,3.2248553250669,0,0.698991417884827
0.44,-1.70451170091724,4.88418233127869,1.56189652350805,3.22878768093547,0,0.122819542884827
0.442,-1.70133963138142,4.890596835019,1.61016114436714,3.18582676668447,0,0.210214853286743
0.444,-1.69807457754001,4.89693338098058,1.65487000272609,3.15084330569017,0,1.02752923965454
0.446,-1.69475284026944,4.90326919857478,1.66675703465676,3.18519626014042,0,-0.092469453811646
0.448,-1.69136313440381,4.90958081770061,1.72295459729751,3.12651786408084,0,-0.223615169525146
0.45,-1.68785572718914,4.91576457715041,1.78447017932322,3.05732559968464,0,-0.775372087955475
0.452,-1.68420289931311,4.92176365833741,1.86843038384662,2.94178275905075,0,1.25529587268829
0.454,-1.68046408589937,4.92770477215537,1.87024200299883,2.99958917088269,0,0.491002798080444
0.456,-1.67669137268615,4.9336977061128,1.90240773410186,2.99352084820697,0,-0.797125101089478
0.458,-1.67280203003965,4.93956898584679,1.98700510978601,2.87779396164089,0,-0.721383988857269
0.46,-1.66874618867241,4.94521556514269,2.0688950387036,2.76883653662951,0,0.408146381378174
0.462,-1.66457278100407,4.95074224853078,2.10445208705839,2.75802408816126,0,-1.71282947063446
0.464,-1.66024086386926,4.95606425082251,2.22761921730089,2.56393969890789,0,-1.11383199691772
0.466,-1.65568657696988,4.96105006697717,2.32675494078207,2.42191290719512,0,0.437185168266296
0.468,-1.65099813058522,4.9658876178557,2.36162220681751,2.41582926962988,0,-2.33373355865479
0.47,-1.64612452507932,4.9704712143799,2.51218078983609,2.16771144004646,0,0.29061496257782
0.472,-1.64105869026145,4.97478905488868,2.55359487069073,2.15031548401436,0,0.493459105491638
0.474,-1.63591891913181,4.979091118252,2.5860953565943,2.15195538740138,0,-0.642183423042297
0.476,-1.63066672436605,4.98329727029628,2.66612425578259,2.05431216706493,0,-0.990168452262878
0.478,-1.62523960622648,4.98727798176497,2.76104740998677,1.92649539156789,0,-0.422215759754181
0.48,-1.61964642633532,4.99105416084028,2.83212945901107,1.84983254501603,0,-0.286668837070465
0.482,-1.61391687260321,4.99469000354539,2.89740581767392,1.78617518947169,0,0.956728458404541
0.484,-1.60810990981103,4.99831064889241,2.90942203668846,1.83473081869155,0,0.353214144706726
0.486,-1.60225392567879,5.00197590954486,2.94647974814917,1.83074974976305,0,-0.799614191055298
0.488,-1.59627490363096,5.00553099560163,3.03256380762721,1.72447628364728,0,-0.336593389511108
0.49,-1.59014349112803,5.00891607569045,3.09882407270307,1.66078422362464,0,-0.980557799339294
0.492,-1.5838519726448,5.01211676281408,3.1927242210243,1.54004764519863,0,-0.484777688980103
0.494,-1.57739388800514,5.01512169393088,3.26534181718621,1.46506883109564,0,0.490891337394714
0.496,-1.57083289608796,5.01806618930471,3.29554220189047,1.47967685680235,0,-0.152236223220825
0.498,-1.56418427472797,5.02098302367967,3.35302532232913,1.43737281178431,0,-0.239326953887939
0.5,-1.55741723282824,5.02380862989878,3.41396730586027,1.38844882607148,0,-0.309233665466309
0.502,-1.55052556603729,5.02653132060259,3.4776530868202,1.33445894988237,0,-0.786668360233307
0.504,-1.54348599048888,5.02910375384102,3.56191402508302,1.23817210490934,0,-0.011914670467377
0.506,-1.5363118021264,5.03155567760142,3.61219513017077,1.21399693335596,0,1.49428129196167
0.508,-1.52910345869584,5.03409872677828,3.59593355950863,1.32938202381091,0,-1.56158590316772
0.51,-1.52179493065476,5.03659405625044,3.71264543257808,1.16611877071069,0,-0.00656396150589
0.512,-1.51432099371465,5.03890687521588,3.7612019042985,1.14696009471577,0,-0.240355134010315
0.514,-1.50674020163023,5.04116141874254,3.81951739566965,1.10783706673216,0,0.044307112693787
0.516,-1.49905576751263,5.04336550053427,3.8648157268171,1.09651695270704,0,-0.789846777915955
0.518,-1.49124453033501,5.04547154315618,3.946388889608,1.00976557235844,0,-1.48679828643799
0.52,-1.48323954464187,5.04734108348032,4.05861772454872,0.859997403369592,0,-1.58113694190979
0.522,-1.47500581633295,5.04890372231079,4.17513126268388,0.702878153713738,0,-0.746012330055237
0.524,-1.46657595031408,5.05023097836161,4.25468178340081,0.624653355281633,0,-0.146604180335999
0.526,-1.45801388972428,5.05145905683452,4.3072740087402,0.603723655763576,0,-1.79476857185364
0.528,-1.44927413421104,5.05249406658064,4.43250094394496,0.431554909618164,0,-0.824028849601746
0.53,-1.44032693521354,5.05327656457905,4.51463602404672,0.351245252067805,0,-0.732199549674988
0.532,-1.4312199282879,5.05390880859244,4.59229707824285,0.281311055657375,0,-1.6183865070343
0.534,-1.42191866190113,5.05432068791492,4.70895483698144,0.130883024659851,0,-1.43806195259094
0.536,-1.41239220010436,5.0544504026383,4.81747166107251,-0.000835667229953,0,-1.47171020507813
0.538,-1.40264743529217,5.05431557826243,4.92725277411666,-0.13364040591455,0,-2.16853189468384
0.54,-1.39265239412164,5.05385249226974,5.06778533562557,-0.329071925654303,0,-2.5168993473053
0.542,-1.3823608539554,5.05296847310892,5.22376086848423,-0.554538440975803,0,-2.69918155670166
0.544,-1.37174926439685,5.05161911950634,5.38783046356072,-0.794366712696115,0,-3.10526490211487
0.546,-1.36079155304033,5.04975522208625,5.569887456124,-1.06902666939561,0,-2.2846884727478
0.548,-1.34950604988767,5.04742108708043,5.71556565242194,-1.26460542542827,0,-2.21162366867065
0.55,-1.33793274186053,5.04470561822116,5.85767782496418,-1.45033826139006,0,-3.13911652565002
0.552,-1.32603472295076,5.0415363528443,6.04030258232027,-1.71830937829275,0,-2.58121824264526
0.554,-1.31379625894219,5.03788626229111,6.19808596383647,-1.93116685545634,0,-3.20695829391479
0.556,-1.30121526080028,5.03375679787173,6.38284384282629,-2.19759453170811,0,-3.52486133575439
0.558,-1.28825129242984,5.02906970950081,6.5810474030939,-2.48871420629712,0,-3.52874517440796
0.56,-1.27489124935369,5.02380480543371,6.77889950384055,-2.77536044966704,0,-3.22182703018188
0.562,-1.26114943322494,5.01799954327367,6.96279746386098,-3.0290642204756,0,-3.11124992370605
0.564,-1.24704534233215,5.01170197195086,7.14115871642174,-3.26764648672549,0,-3.77049970626831
0.566,-1.23255701248949,5.00487314683343,7.34703003418216,-3.56018700265439,0,-3.73724508285522
0.568,-1.21765924358632,4.99746826400576,7.55058093750881,-3.84366229313184,0,-3.01362943649292
0.57,-1.20238614371447,4.98956717002997,7.72234538890842,-4.05647539710613,0,-4.21314525604248
0.572,-1.18671982123242,4.98114000200116,7.94379272715115,-4.36949989289973,0,-3.0438494682312
0.574,-1.17066091408368,4.97219698634177,8.1149209096675,-4.57249007050853,0,-4.46166038513184
0.576,-1.15420168493939,4.96273014658432,8.34409659306074,-4.89302881679044,0,-2.57661533355713
0.578,-1.13736363190054,4.95279408520941,8.49375179561899,-5.04204162153964,0,-3.4013409614563
0.58,-1.12019351591236,4.94249477813277,8.67614687171173,-5.25609431849507,0,-2.46998023986816
0.582,-1.10269802938891,4.93185426985462,8.81912878139748,-5.38341426760974,0,-2.65369081497192
0.584,-1.08491038840858,4.92094950486289,8.96829670996795,-5.52030344606214,0,-1.38145685195923
0.586,-1.06687699047329,4.90988474502108,9.06489730388845,-5.54366632337424,0,-2.67380928993225
0.588,-1.04859992042181,4.89866961986956,9.21195361749147,-5.67039795217899,0,-2.14063215255737
0.59,-1.03005122381441,4.88725179612771,9.33652655042811,-5.74646931751363,0,-2.46950745582581
0.592,-1.0112417288137,4.8756604044336,9.47274722402692,-5.84389320463504,0,-1.46192812919617
0.594,-0.992200508065046,4.86396296690681,9.56825611086474,-5.85272205979727,0,-0.372543632984161
0.596,-0.973011837431174,4.85234146367973,9.62019394564399,-5.76818082511448,0,-1.50709807872772
0.598,-0.953676965200954,4.84080099791484,9.71444882361824,-5.77145529681348,0,-1.34149372577667
0.600000000000001,-0.934161297583556,4.82927224242736,9.80098283500941,-5.75650271897928,0,-1.60597205162048
0.602,-0.914463963629349,4.81775712293969,9.8961101234262,-5.75776745379556,0,-2.56417369842529
0.604000000000001,-0.894541774492879,4.80616884073787,10.0258406857641,-5.82947996607923,0,-1.60896837711334
0.606,-0.874397237036188,4.79451829070501,10.1184443526169,-5.82021736309849,0,-0.944938063621521
0.608000000000001,-0.854093637626837,4.7829431060334,10.1848854495799,-5.75423977792916,0,-0.510197281837463
0.61,-0.83367479546931,4.77153786866489,10.233667080818,-5.65034836823374,0,-1.64016425609589
0.612000000000001,-0.813118871098627,4.76025752005408,10.3219786159025,-5.62914823531314,0,-0.902275145053864
0.614,-0.792414783264112,4.74908097315784,10.3818024532598,-5.5466762093422,0,-1.55029118061066
0.616000000000001,-0.771569568965084,4.73802460182696,10.4631106254746,-5.50886222856506,0,-2.13005900382996
0.618,-0.750542822265004,4.72700521170356,10.56334295056,-5.5095990676602,0,-0.288291871547699
0.620000000000001,-0.729382837466478,4.71612764946785,10.5962746721381,-5.36733737550957,0,-1.19900727272034
0.622,-0.708127080680364,4.70547069758164,10.6591317368482,-5.28884274686833,0,-0.811978578567505
0.624000000000001,-0.686761315879363,4.69500394462188,10.7062512370279,-5.17719864898107,0,-1.36377787590027
0.626,-0.665284404493535,4.68472424668362,10.7702872728445,-5.10170608296994,0,-1.67017006874084
0.628000000000001,-0.643671073686289,4.67457793313506,10.8426716344751,-5.04377187885556,0,-2.6538622379303
0.63,-0.621881363971259,4.66448113881299,10.9467051358827,-5.05204934775883,0,-0.874769687652588
0.632000000000001,-0.599946488993321,4.65450193311902,10.9877272039533,-4.92643480999073,0,-2.7998902797699
0.634,-0.577866767379719,4.64464022048859,11.0916477585284,-4.93429727737247,0,-2.23191142082214
0.636000000000001,-0.555600516196582,4.63480916602858,11.174211264596,-4.8958560161402,0,-3.20792818069458
0.638,-0.533138695586724,4.62499117316949,11.2872665114377,-4.92111049977494,0,-2.25835609436035
0.640000000000001,-0.510484590046099,4.61519579781584,11.3664232168659,-4.8733660528478,0,-1.7889666557312
0.642,-0.487690298931126,4.60553422132752,11.4274053848168,-4.78737670045767,0,-3.03501391410828
0.644000000000001,-0.464735656024184,4.59596266841788,11.5268484005833,-4.78319286750003,0,-2.29982805252075
0.646,-0.44160865819946,4.5864564040179,11.5996934124465,-4.72218373976692,0,-2.88598895072937
0.648000000000001,-0.418319568439407,4.57703699473225,11.6889703367607,-4.69627401549401,0,-2.93605136871338
0.65,-0.394852879369193,4.56767166208632,11.777283184102,-4.66810770340726,0,-2.86283254623413
0.652000000000001,-0.371214574263397,4.55837335905852,11.860566588103,-4.62925997372797,0,-2.3599865436554
0.654,-0.347428648171071,4.5491925517995,11.9248470316645,-4.55067683337941,0,-3.68883967399597
0.656000000000001,-0.323474715522151,4.54008416573341,12.028672655456,-4.55670005759238,0,-2.13312387466431
0.658,-0.299365200830383,4.53107457539768,12.0802769409294,-4.45205845766813,0,-3.01479816436768
0.660000000000001,-0.275127952353533,4.52222012273125,12.1564698838023,-4.40147919731642,0,-3.49401617050171
0.662,-0.250726238682508,4.51344031470208,12.2447724924781,-4.37737402017196,0,-3.60303521156311
0.664000000000001,-0.226147352397647,4.50470718394541,12.3336390678344,-4.35480040872655,0,-2.98027300834656
0.666,-0.201413070858944,4.49606610957688,12.400091740425,-4.28539041868451,0,-3.5347728729248
0.668000000000001,-0.176531972554995,4.48753261738361,12.4804963459399,-4.24717607665452,0,-2.98289823532104
0.67,-0.151510243511523,4.47911727066683,12.5406501647376,-4.16730967196339,0,-3.0384624004364
0.672000000000001,-0.126370022354019,4.4708631682392,12.5989778682304,-4.08594005958268,0,-3.12133359909058
0.674,-0.101114193971,4.46277150487181,12.656250081881,-4.00487717531025,0,-3.72769951820374
0.676000000000001,-0.075728924564273,4.454807743274,12.7284709705279,-3.95799964805357,0,-3.60145282745361
0.678000000000001,-0.050206374451561,4.44695116198272,12.7935019731336,-3.89772195672731,0,-3.45666766166687
0.680000000000001,-0.024561643245125,4.43922956880966,12.8506204251548,-3.8230389228282,0,-3.73505115509033
0.682000000000001,0.001202045920384,4.43164448022992,12.9124781209037,-3.76121092184245,0,3.31280708312988
0.684000000000001,0.026873923218076,4.42463766200176,12.7579203100028,-3.24531313851563,0,3.13827157020569
0.686000000000001,0.052232913754201,4.41865336650099,12.5995508627922,-2.73864682694343,0,3.10545921325684
0.688000000000001,0.077266913643393,4.41368238855832,12.4328772832744,-2.23196777270792,0,3.46223402023315
0.690000000000001,0.101947386439512,4.40974958463275,12.2459196682309,-1.70046228598395,0,3.07427644729614
0.692000000000001,0.126255339079717,4.40685756852064,12.0603656883546,-1.19114140267067,0,2.96947193145752
0.694000000000001,0.150185211467935,4.40498009397214,11.867814144068,-0.685897650549283,0,1.44616186618805
0.696000000000001,0.173765041300222,4.40401962835503,11.7105368415063,-0.274101477625141,0,-3.60625863075256
0.698000000000001,0.197171581706642,4.40356679983424,11.6953465310213,-0.178242159705873,0,-3.39041519165039
0.700000000000001,0.22053737892362,4.4033221748803,11.669755141198,-0.065918646329689,0,-3.68207120895386
0.702000000000001,0.243856483621797,4.40328654492657,11.6487013872639,0.030732844939974,0,-4.13321447372437
0.704000000000001,0.267142997585736,4.40341838569339,11.6372399247337,0.101531926474408,0,-4.12245416641235
0.706000000000001,0.290402831645577,4.40369500843801,11.6220193245095,0.175495138700721,0,-4.71819639205933
0.708000000000001,0.313646487699723,4.40408435578605,11.6211642469032,0.214235458281301,0,-4.80528259277344
0.710000000000001,0.336888188518684,4.40454795147475,11.6200793023218,0.249725106156355,0,-4.93636989593506
0.712000000000001,0.360128876269331,4.40507640500294,11.6201745183297,0.279074700542376,0,-4.87325859069824
0.714000000000001,0.383365274903743,4.40566958437045,11.6157805010551,0.314433054284042,0,-4.92476987838745
0.716000000000001,0.406591760658424,4.40633215996066,11.6102725808777,0.34845185682583,0,-4.94575452804565
0.718000000000001,0.429805264129329,4.40706326549147,11.6028044634289,0.382943860713764,0,-4.88651943206787
0.720000000000001,0.452999514250998,4.40786880162668,11.5910121752944,0.422863424624726,0,-4.90224361419678
0.722000000000001,0.476168055231681,4.40875476975966,11.5771021618653,0.463355733764774,0,-4.96342086791992
0.724000000000001,0.499308049542803,4.40971931832957,11.5624809733395,0.501423138310781,0,-4.96187591552734
0.726000000000001,0.522416298460225,4.41076144088471,11.5453617980334,0.540909408894555,0,-4.94777631759644
0.728000000000001,0.545487462780987,4.41188464770206,11.5253998908166,0.582486888606835,0,-4.95263338088989
0.730000000000001,0.568516445547124,4.41309179686083,11.503187819347,0.624830730281323,0,-4.93917846679688
0.732000000000001,0.591498245989475,4.41438545524712,11.4782225772276,0.668975060439118,0,-4.95189476013184
0.734000000000001,0.614428171776785,4.41576743721358,11.4513235206059,0.71313269440953,0,-4.91702461242676
0.736000000000001,0.637300994552968,4.41724065976733,11.4211221070808,0.760194475190631,0,-4.93129634857178
0.738000000000001,0.660111597703275,4.41880768315581,11.3891159307942,0.806911421256971,0,-4.93843650817871
0.740000000000001,0.682856231683711,4.42046813764201,11.3551643134974,0.853603496631649,0,-4.93750858306885
0.742000000000001,0.705530833173141,4.42222235390491,11.3190939872595,0.900651176484318,0,-4.91102409362793
0.744000000000001,0.728130461577275,4.42407253860166,11.280197817341,0.949550253104013,0,-4.87809705734253
0.746000000000001,0.750649311605085,4.42602267639342,11.2383217200922,1.00058257145312,0,-4.87472009658814
0.748000000000001,0.773082349880569,4.42807501964545,11.1943981693329,1.0517333462078,0,-4.89060497283936
0.750000000000001,0.795426135626693,4.43022844088277,11.1490853455091,1.10163782592983,0,-4.83707618713379
0.752000000000001,0.817675894652509,4.43248474906458,11.1003755857597,1.15459910020529,0,-4.74288749694824
0.754000000000001,0.839823629192394,4.43485253724192,11.0470583425527,1.21309742154543,0,-4.90215635299683
0.756000000000001,0.861867772920209,4.43732651785839,10.9968289263379,1.26076508507706,0,-4.93921232223511
0.758000000000001,0.883811071529974,4.43989270308266,10.9462351973542,1.30527922919369,0,-4.88091850280762
0.760000000000001,0.905650038757726,4.44255077383049,10.8925025406334,1.35263051075339,0,-4.9284234046936
0.762000000000001,0.927381638556738,4.44529948089092,10.8388925565694,1.39589265103534,0,-4.85929107666016
0.764000000000001,0.949002720026888,4.44813802085723,10.7819880414653,1.44244410274968,0,-4.90683460235596
0.766000000000001,0.970510269220087,4.4510653338005,10.7253858809065,1.48464300207548,0,-4.85740184783936
0.768000000000001,0.991902088311921,4.4540788422883,10.6662660711301,1.52862031939815,0,-4.7375373840332
0.770000000000001,1.01317103696613,4.45718655074053,10.602511267084,1.57882590204118,0,-4.89220809936523
0.772000000000001,1.03431621915468,4.46038302819692,10.5425459980061,1.61736347410257,0,-4.81083965301514
0.774000000000001,1.05533826192943,4.46366009562955,10.4793749986053,1.6593986492398,0,-4.77829217910767
0.776000000000001,1.07623226900182,4.46702147834775,10.4145228201049,1.70165995127513,0,-4.89979457855225
0.778000000000001,1.09699969263072,4.4704574832656,10.3528322913564,1.73399697109437,0,-4.84589099884033
0.780000000000001,1.11764169874638,4.47395955469149,10.2891138393869,1.76770971872621,0,-4.74881982803345
0.782000000000001,1.13815294674443,4.47753317270313,10.2220752159374,1.8055286062744,0,-4.8417444229126
0.784000000000001,1.15853267793469,4.4811740261396,10.1576328855409,1.83492315619438,0,-4.8580961227417
0.786000000000001,1.17878393033553,4.48487015003486,10.093618021503,1.86078087209199,0,-4.90006017684937
0.788000000000001,1.19890848509386,4.48861267665022,10.0309613138814,1.88130726533217,0,-4.90617036819458
0.790000000000001,1.21890810069604,4.4923931897994,9.96869818933824,1.89875093400219,0,-4.88427352905273
0.792000000000001,1.23878280652865,4.49620727419211,9.90606569346027,1.91486373180885,0,-4.85147714614868
0.794000000000001,1.25853160647018,4.50005290399917,9.84280446266431,1.93028246448155,0,-4.91168212890625
0.796000000000001,1.27815622762811,4.50392244985937,9.78191561405105,1.93876249619076,0,-4.93774318695068
0.798000000000001,1.29766051792279,4.50780419169795,9.72249567117933,1.94246349148548,0,-4.86762523651123
0.800000000000001,1.31704452246269,4.51169487905555,9.66163452718833,1.94769783023766,0,-4.89105892181397
0.802000000000001,1.33630833202243,4.51559129029188,9.60232194708063,1.94817349508042,0,-4.88617134094238
0.804000000000001,1.35545427710271,4.51948571520957,9.54378588184283,1.94569961009085,0,-4.85734796524048
0.806000000000001,1.37448324686883,4.52337378751327,9.4853579792552,1.94181061850384,0,-4.83656358718872
0.808000000000001,1.39339577846848,4.52725208107687,9.42736027160855,1.9359107590996,0,-4.82490348815918
0.810000000000001,1.41219309584106,4.5311159041425,9.37015762778525,1.92733017218244,0,-4.87372922897339
0.812000000000001,1.43087879843216,4.53495576458459,9.31576941643313,1.91193624684331,0,-4.7678108215332
0.814000000000001,1.4494537188089,4.53876840306901,9.25937214734411,1.90010387415567,0,-4.74285793304443
0.816000000000001,1.46791640352136,4.5425554559169,9.20354449623333,1.88634286693025,0,-4.80586862564087
0.818000000000001,1.48627087486608,4.54630706355139,9.15118407863074,1.8646477799225,0,-4.74355268478394
0.820000000000001,1.50452019418063,4.55001579520403,9.09839581458231,1.84346237661151,0,-4.71072864532471
0.822000000000001,1.52266447116688,4.55368064587719,9.04614994717312,1.82076136127307,0,-4.48652076721191
0.824000000000001,1.54069866171674,4.55731160177916,8.98828559033688,1.80957049773744,0,-4.43599224090576
0.826000000000001,1.55861698844469,4.56091986777676,8.93029195057829,1.79806646748164,0,-4.70003700256348
0.828000000000001,1.57642941523493,4.56448327049131,8.88244280362938,1.76468979466968,0,-4.25621318817139
0.830000000000001,1.59413360863751,4.56800645853904,8.82199828566326,1.75786546641065,0,-4.21564769744873
0.832000000000001,1.61171710786117,4.57151497416995,8.76175595995904,1.75001261829451,0,-4.23118448257446
0.834000000000001,1.62918218647379,4.5750028772121,8.70359378252678,1.73724628180928,0,-4.51451873779297
0.836000000000001,1.64654184560238,4.57844183717524,8.65639469469571,1.70105302818003,0,-4.34907150268555
0.838000000000001,1.66380369190524,4.58181586901102,8.6057655501222,1.67232206969586,0,-4.24672031402588
0.840000000000001,1.68096283155974,4.58513557459281,8.55368316632984,1.64672773203108,0,-3.74160957336426
0.842000000000001,1.69800309653356,4.58843516672436,8.48682324731081,1.65222514463222,0,-3.55745553970337
0.844000000000001,1.71490505876778,4.5917546966424,8.41536522487421,1.66666745095118,0,-4.18237400054932
0.846000000000001,1.73168608958473,4.59505579504947,8.36600238175929,1.63376327108328,0,-3.89009761810303
0.848000000000001,1.74836078369903,4.59830744811344,8.30899371230507,1.61723198817322,0,-4.07290697097778
0.850000000000001,1.76492934311876,4.60150932104576,8.25990659195214,1.58397352456316,0,-2.2883448600769
0.852000000000001,1.78134264325113,4.60476550158014,8.1534734267247,1.67160835193792,0,-2.92379379272461
0.854000000000001,1.79756469323087,4.6081488118354,8.0687699957423,1.71106940699345,0,-4.15747690200806
0.856000000000001,1.81365957616326,4.61152061538698,8.02650703331276,1.66004472018352,0,-3.44304132461548
0.858000000000001,1.82964849526024,4.61483649211724,7.96270685185059,1.65517305451445,0,-3.15318393707275
0.860000000000001,1.84550192304244,4.61815909467464,7.89098344604571,1.66678029507118,0,-2.83130145072937
0.862000000000001,1.8612027306708,4.62152373728958,7.81005070911322,1.69722366538848,0,-2.93810391426086
0.864000000000001,1.87674663896014,4.62493787161115,7.73411256730893,1.71626373039845,0,-2.13497376441956
0.866000000000001,1.89211323972447,4.62844312404204,7.63263643332628,1.78837460828672,0,-2.86874413490295
0.868000000000001,1.90730251260653,4.63203678998049,7.55690727227413,1.80463889135067,0,-3.51617288589478
0.870000000000001,1.92236381931703,4.63561298938054,7.50477607967197,1.770876277372,0,-2.84615230560303
0.872000000000001,1.93730048495035,4.63916533998606,7.43217641740263,1.78082188795197,0,-3.41865730285645
0.874000000000001,1.9521130900786,4.64269275635155,7.3808082763031,1.74591468913482,0,-4.11272192001343
0.876000000000001,1.96684881314102,4.64609659224627,7.35539967589564,1.65721340631985,0,-4.44641876220703
0.878000000000001,1.98154798247,4.64929485934561,7.34430268901208,1.54034069883887,0,-4.70137500762939
0.880000000000001,1.99623684096936,4.65223680807104,7.34512213728749,1.40089807044886,0,-4.84340620040894
0.882000000000001,2.0109355757415,4.65488542213042,7.35419368248481,1.24701754598543,0,-4.90878295898438
0.884000000000001,2.02565816264713,4.65721740997018,7.36897671935907,1.08428879191297,0,-4.90525674819946
0.886000000000001,2.04041368193156,4.65922014612238,7.38711838577088,0.917786459784381,0,-4.90428876876831
0.888000000000001,2.05520889125698,4.66088602422485,7.40865889937198,0.747452114784867,0,-4.81860113143921
0.890000000000001,2.07004763565762,4.66221363429031,7.430634888841,0.579541800643851,0,-4.84618330001831
0.892000000000001,2.08493455901648,4.66319977483906,7.45683314311958,0.406004153327313,0,-4.62841892242432
0.894000000000001,2.09986965669536,4.66385107609815,7.47877571726297,0.244726439386873,0,-4.74077701568604
0.896000000000001,2.11485554939841,4.66416830617044,7.5076334945821,0.071953641481599,0,-4.72804594039917
0.898000000000001,2.12990180306279,4.66413765742876,7.53912683749282,-0.103129624771156,0,-4.60413980484009
0.900000000000001,2.14500981401591,4.66376269238295,7.56936913520381,-0.272340628057407,0,-4.68174648284912
0.902000000000001,2.16018386633906,4.66304070310216,7.60516815563314,-0.450130666517839,0,-4.66656398773193
0.904000000000001,2.17543188859211,4.66196138636624,7.64332875541735,-0.629644776613612,0,-4.44740104675293
0.906000000000001,2.1907515551446,4.66053617205437,7.67678269644642,-0.796009696161207,0,-4.64037132263184
0.908000000000001,2.20614738762457,4.65876169947549,7.71950513888223,-0.97887621908532,0,-4.51305198669434
0.910000000000001,2.22162702815249,4.65662824196479,7.76057042925254,-1.15497476466169,0,-4.3364839553833
0.912000000000001,2.23718536812287,4.6541529855664,7.79818129411389,-1.32065911830693,0,-4.4878454208374
0.914000000000001,2.25282654326194,4.65133325484626,7.84341133315002,-1.49942192397246,0,-4.11222648620606
0.916000000000001,2.26854789513234,4.64818089968299,7.87831983647134,-1.65327846801039,0,-4.46243000030518
0.918000000000001,2.28435321258094,4.64469371117988,7.92739870460561,-1.83421897296883,0,-3.80380201339722
0.920000000000001,2.3002367802456,4.64088991193076,7.95651286233452,-1.96990308757132,0,-4.03532123565674
0.922000000000001,2.31618845182245,4.63679632644166,7.99551589844621,-2.12397636474562,0,-4.08565521240234
0.924000000000001,2.33222195818864,4.63238928514106,8.0383462133616,-2.28333795131313,0,-3.72676134109497
0.926000000000001,2.34833119347972,4.62768738640546,8.07121520463975,-2.41883921335456,0,-3.23676133155823
0.928000000000001,2.36449170576503,4.62274751935827,8.0895875937392,-2.52132520461754,0,-3.84711408615112
0.930000000000001,2.38071108419153,4.61755784772787,8.13011986116729,-2.6685898475024,0,-1.90308690071106
0.932000000000001,2.39694879018949,4.61220898809499,8.10778902926628,-2.68063969093737,0,-0.703510940074921
0.934000000000001,2.41310325804347,4.60691796362798,8.04680779077612,-2.61083502547801,0,-0.722671151161194
0.936000000000001,2.429137177888,4.60176251360486,7.98724572955759,-2.54506054703881,0,0.588945150375366
0.938000000000001,2.44500952941515,4.59682743278506,7.88515576141892,-2.39054605746084,0,1.59705460071564
0.940000000000001,2.46064485145095,4.59226837822362,7.75014799418561,-2.16908415165616,0,2.15896654129028
0.942000000000001,2.47599161232197,4.58818782669838,7.59655233751346,-1.91205598541553,0,1.36156737804413
0.944000000000001,2.49105691058176,4.58456260689696,7.46874188929785,-1.71369719652999,0,2.90764927864075
0.946000000000001,2.50581606038901,4.58143782690436,7.29028414311619,-1.41166263183422,0,1.88340902328491
0.948000000000001,2.52025094297122,4.57884298099063,7.14455176149474,-1.18370456234591,0,2.8809928894043
0.950000000000001,2.53436158953142,4.57676974161774,6.96596416552487,-0.890064296767664,0,3.1966245174408
0.952000000000001,2.54810399810075,4.57530240282038,6.77628162369476,-0.577782662752421,0,2.77332544326782
0.954000000000001,2.5614798170502,4.57442749376417,6.59940737283988,-0.297601260986325,0,2.34563946723938
0.956000000000001,2.57451500378741,4.57408070849794,6.43568662879103,-0.049633934975728,0,3.34636807441711
0.958000000000001,2.58718966511335,4.57429607820871,6.23878559449976,0.264577583054011,0,2.85495281219482
0.960000000000001,2.59948535804072,4.57510353982096,6.05676248758966,0.542482453377768,0,2.45763182640076
0.962000000000001,2.61142905875961,4.57643707581113,5.88683218889987,0.79066882640274,0,2.50326204299927
0.964000000000001,2.62303077707421,4.57826786296725,5.71477557352309,1.03975472917611,0,2.15363502502441
0.966000000000001,2.63429911851816,4.58057054234084,5.55349280901544,1.26257063082022,0,2.5750458240509
0.968000000000001,2.64523069921937,4.58334589971602,5.37797062188398,1.512465222881,0,2.55071592330933
0.970000000000001,2.65581132813749,4.58661747484363,5.20254394599079,1.75880870863228,0,1.98406457901001
0.972000000000001,2.6660589916178,4.59034064997904,5.04506981490198,1.96405845664058,0,1.66545569896698
0.974000000000001,2.67600187975944,4.59445035031322,4.89780731777098,2.14533239785453,0,0.052936673164368
0.976000000000001,2.68570328898573,4.59880835732485,4.80378013651468,2.2122857334232,0,0.189303159713745
0.978000000000001,2.6952132173134,4.60330747696054,4.70631399468004,2.28645781318497,0,0.938090085983276
0.980000000000001,2.70450442493078,4.60800515501393,4.58497596902544,2.41089510060909,0,-1.44386231899261
0.982000000000001,2.71363253694844,4.61278244424348,4.54349756715465,2.36592674976462,0,-1.5848845243454
0.984000000000001,2.72268455371084,4.61745707149384,4.50889553643196,2.3082304021283,0,-2.38122129440308
0.986000000000001,2.73169620148532,4.62195726726231,4.50321526128757,2.1914555813887,0,-2.32447385787964
0.988000000000001,2.7406973555377,4.62622489348376,4.49838939134195,2.07567505624358,0,-1.55663466453552
0.990000000000001,2.74966579249156,4.63031248390258,4.4704100793246,2.01147092281796,0,-2.63892364501953
0.992000000000001,2.75861683118475,4.63419205312179,4.48110218919737,1.86760607080855,0,-2.2784686088562
0.994000000000001,2.76757993280367,4.63780665200977,4.48242776250427,1.74653136775945,0,-2.87321615219116
0.996000000000001,2.77656832380595,4.6411338935264,4.50644410753495,1.58023490677889,0,-2.61660671234131
0.998000000000001,2.78559893185382,4.64414407775443,4.52460964610409,1.42950099860458,0,-2.25378942489624
1,2.79465623457063,4.646876125022,4.53309589533646,1.3021255682302,0,-1.57636821269989
1.002,2.8037099260001,4.64939952103162,4.52092946359672,1.22088377567735,0,-0.866307020187378
1.004,2.81271715175684,4.65180914152818,4.48656247963984,1.1883802085747,0,-1.31232619285584
1.006,2.82167241662889,4.65411953950485,4.46900745944771,1.12165264156659,0,-1.71917080879211
1.008,2.83060825927691,4.65626499995808,4.46717310176423,1.0234380587437,0,-1.22135996818542
1.01,2.83952546920291,4.65824772992076,4.45032766377432,0.958943997864594,0,-0.084701478481293
1.012,2.8483719079813,4.66018145721476,4.39630325108581,0.974470798528921,0,-0.591294467449188
1.014,2.85712877320523,4.66210775691217,4.36079721630141,0.95150705477915,0,-1.89717352390289
1.016,2.8658607364,4.66389172329423,4.37150818597657,0.832110694878997,0,0.118319988250732
1.018,2.87454710628288,4.66558079128744,4.31503559162871,0.856662740109251,0,-1.00874066352844
1.02,2.88316023107285,4.66723549893248,4.2983543589799,0.797728429881329,0,-0.472880601882935
1.022,2.8917231838849,4.66880933268241,4.26481898795564,0.775805938584711,0,-1.30163371562958
1.024,2.90024886391235,4.67027734664172,4.26114517341585,0.691896554335033,0,0.465047359466553
1.026,2.9087081406693,4.67170409352705,4.19827701342678,0.73457896492005,0,1.15334272384644
1.028,2.91701886336579,4.67326465682356,4.11253790171173,0.825732472169895,0,-0.06165623664856
1.03,2.9252005226198,4.67491755587448,4.06930857314895,0.826891605255196,0,-1.00074946880341
1.032,2.93332923183774,4.67650268528467,4.05965924622123,0.75794592498399,0,-0.749811232089996
1.034,2.94143152676307,4.67796648961597,4.04287271297531,0.705577548674607,0,-0.572845935821533
1.036,2.94949555333792,4.6793368021167,4.02137580436718,0.664462539349822,0,1.05805218219757
1.038,2.95746152962809,4.6807424205158,3.94470157563213,0.740919223278338,0,-1.06109440326691
1.04,2.96534809389624,4.68214457375078,3.94211907433371,0.660958856859085,0,1.42894506454468
1.042,2.97314479400035,4.68356739942848,3.85465524898157,0.76164525339238,0,-0.233649015426636
1.044,2.98082464086841,4.68506849535891,3.82538678996282,0.739198506108042,0,-0.082835555076599
1.046,2.98844188752308,4.68653424902698,3.79204313548873,0.726309923707576,0,0.008236765861511
1.048,2.9959903824724,4.68797944381014,3.75662774476199,0.718645100582455,0,-0.748867392539978
1.05,3.00349541140962,4.68935227884795,3.74862912780935,0.653939023408817,0,0.967457294464111
1.052,3.01092611361332,4.6907203433469,3.68218036519576,0.713911704995738,0,-0.908623933792114
1.054,3.01828986574409,4.69206908578883,3.68180814247329,0.634583831604619,0,0.555898547172546
1.056,3.02560326933354,4.69336550309174,3.63173031391297,0.661618093460211,0,0.468681454658508
1.058,3.0328203663334,4.69470827873214,3.58550705980952,0.680943970275683,0,0.818710923194885
1.06,3.03993364504537,4.6961142377284,3.52788790925134,0.724811978683688,0,0.240601897239685
1.062,3.04695257101898,4.69756406399702,3.49119294947322,0.724802687669475,0,0.004273056983948
1.064,3.053907295086,4.69899515522839,3.46370097181278,0.706075233263402,0,0.613261461257935
1.066,3.06078674848904,4.70043253044495,3.41588098410577,0.731102470679655,0,0.289438366889954
1.068,3.06758267024156,4.70189482615309,3.38019015633156,0.730992054020917,0,0.089169144630432
1.07,3.07431512325126,4.70334087200027,3.35242449120888,0.714851450254484,0,0.168084502220154
1.072,3.08099024471756,4.70475927668585,3.32285243825224,0.703355622202539,0,0.070292949676514
1.074,3.08761058567177,4.70614625747177,3.29764919686479,0.683428607976031,0,1.13719463348389
1.076,3.09414399863662,4.70757140178817,3.2358556323018,0.741544179507073,0,0.154330134391785
1.078,3.10058893656068,4.70903873860714,3.20923616054614,0.725603379641439,0,1.22796535491943
1.08,3.10694376910989,4.71055289411949,3.14568135894697,0.788389460518065,0,0.137256979942322
1.082,3.11321042595657,4.71211047844819,3.12112898873662,0.769010606581711,0,-0.453172028064728
1.084,3.1194497163752,4.71358422356254,3.11835026906159,0.704540440810169,0,0.796365141868591
1.086,3.12564047867401,4.71502102953623,3.07252239336678,0.732101114166881,0,0.377436280250549
1.088,3.13175504436609,4.7164807162227,3.04217861751552,0.727414962948292,0,1.27514123916626
1.09,3.13777799348647,4.71799705702745,2.98085018250976,0.78877806655365,0,-0.863872468471527
1.092,3.1437544610646,4.71947534542556,2.99582598873436,0.689317753896525,0,0.531602501869202
1.094,3.1497126984613,4.72085797050282,2.96253460805833,0.693147719035875,0,-0.116811990737915
1.096,3.15562807609531,4.72219875215584,2.95300321677253,0.647463828750527,0,1.27740204334259
1.098,3.16147588624525,4.723551626293,2.89488499615675,0.705270735242083,0,1.13074600696564
1.1,3.16721313396679,4.72500828572491,2.84244844583759,0.751249811076202,0,0.499482154846191
1.102,3.17286845719603,4.72650868985553,2.81299664139359,0.749004197301749,0,-0.182774364948273
1.104,3.17848987628308,4.72795244691663,2.80858252871958,0.694590270944793,0,0.199141502380371
1.106,3.1840898262183,4.72931512503548,2.79150411031928,0.667936106670091,0,0.432394742965698
1.108,3.18964812560086,4.73064114278211,2.766917765634,0.657936973882034,0,0.353080034255981
1.11,3.19516081373581,4.73194032531173,2.74589623166827,0.641101610081484,0,2.19032883644104
1.112,3.20056663986981,4.73334345890834,2.65995305751482,0.761929109162588,0,0.681325197219849
1.114,3.20585462222369,4.73487380056038,2.62813555493559,0.768280459922914,0,1.42356216907501
1.116,3.2110530639866,4.73647210643836,2.57036990240451,0.829913770602075,0,1.67331278324127
1.118,3.21612741402544,4.73821189636109,2.50402833747188,0.909775463840924,0,0.951129198074341
1.12,3.22109524832461,4.74005616441098,2.46389440163163,0.934375823785406,0,0.63794732093811
1.122,3.22599458034794,4.74192521095477,2.4355431559505,0.934547343821512,0,1.79945468902588
1.124,3.23079611831698,4.74388196088212,2.36603276654109,1.02211627978657,0,1.11499011516571
1.126,3.23548347861147,4.74596136262106,2.32140378560726,1.05718206608974,0,0.165324211120605
1.128,3.24011623924945,4.74803807014942,2.31148713613772,1.01939379375317,0,0.862014889717102
1.13,3.24470482192475,4.7500914556728,2.27718480542241,1.03388408600665,0,0.443365573883057
1.132,3.24924045048345,4.75214126757092,2.25855592198964,1.01580885071456,0,1.32918834686279
1.134,3.25370746559812,4.75422182682457,2.20852030189109,1.06466182960659,0,0.046818852424622
1.136,3.2581211998302,4.75630156684919,2.20534648079589,1.01495019026658,0,1.23543798923492
1.138,3.26248629189651,4.75837206749285,2.15981060306289,1.05546253288614,0,0.955590009689331
1.14,3.26677085830931,4.76050163043646,2.12483554572845,1.07400580189436,0,0.88816225528717
1.142,3.27098840211244,4.76266254373508,2.09279089187321,1.08681267361158,0,0.081221461296082
1.144,3.27517172114217,4.76478651914302,2.09065450346592,1.03704258558389,0,0.890665054321289
1.146,3.27932202227831,4.76687249518703,2.05972751441188,1.04884169501242,0,1.21227979660034
1.148,3.28339921596278,4.76900629151395,2.01752860509928,1.08487571890787,0,0.617020726203918
1.15,3.28741413796534,4.77116578307176,1.99748743944559,1.07451867690014,0,-1.06341898441315
1.152,3.29145103250492,4.77317422420009,2.03958900269322,0.93377314482291,0,0.554508566856384
1.154,3.29551393707032,4.77502536431258,2.02341063758062,0.917270376722576,0,0.997786521911621
1.156,3.29952879429974,4.77687722850433,1.99151813533795,0.93451183829194,0,1.82453632354736
1.158,3.30344993259265,4.77882714647149,1.92964814906221,1.01535224263494,0,0.507644414901733
1.16,3.30729591973988,4.78083626689075,1.91643399756219,0.993674989369608,0,0.511094331741333
1.162,3.31111591953012,4.782801744585,1.90365960489039,0.971711085066867,0,0.279460549354553
1.164,3.31491947015753,4.78470473424099,1.89999542607043,0.931181303958655,0,-0.131748914718628
1.166,3.31873149253394,4.78649406940343,1.9121500843757,0.85804653667776,0,0.984694957733154
1.168,3.32252730979679,4.78822350946133,1.88373503498232,0.871319235598188,0,0.858044028282166
1.17,3.32627138715836,4.78996917080914,1.86041548292405,0.874265821639861,0,0.555155873298645
1.172,3.32998047874098,4.79169661267055,1.84876290019154,0.853092574028901,0,-0.17791211605072
1.174,3.33369395878021,4.79332389233883,1.86483698193522,0.774085532504878,0,0.491899251937866
1.176,3.33741544764215,4.79484497560013,1.85673956504552,0.746915116073309,0,0.900673866271973
1.178,3.34110608319427,4.79634324679874,1.83396447087854,0.751284724210231,0,0.383988618850708
1.18,3.34477078717152,4.79780931879802,1.83083016922365,0.714704667671461,0,0.973062515258789
1.182,3.34840784397816,4.7992479676369,1.80629060240374,0.723876685875578,0,0.880328416824341
1.184,3.35199965800358,4.80069727411831,1.78559070580055,0.725361461039792,0,0.816471576690674
1.186,3.35555285515865,4.80214412214817,1.76767578020827,0.721417943363595,0,0.756539702415466
1.188,3.35907287341699,4.80357795757633,1.75241366198395,0.712348594200678,0,1.92416667938232
1.19,3.36251918110669,4.80508520967738,1.69391398585837,0.794865021519997,0,1.86666607856751
1.192,3.36585075494058,4.80675274034172,1.63768027432158,0.872630589743382,0,0.752037763595581
1.194,3.36911170387131,4.80848762287295,1.62333766373543,0.862187764860542,0,1.35562062263489
1.196,3.37232176119823,4.81024892906772,1.58676102181997,0.899073058779968,0,1.05603337287903
1.198,3.37547015154292,4.81206003905855,1.56168321260614,0.911984450129971,0,0.593341588973999
1.2,3.37858608816412,4.81386001662201,1.55432720185242,0.887927834904881,0,0.970364212989807
1.202,3.38167357556562,4.81564138288582,1.53321662854074,0.893385349299528,0,0.406347513198853
1.204,3.38474041407645,4.81738858069683,1.5337022224365,0.853743777500417,0,0.615977644920349
1.206,3.38780080265453,4.81907274205838,1.52675680543921,0.830355906400024,0,1.2435656785965
1.208,3.39082404127197,4.82075967819267,1.49652488589237,0.856537270575048,0,0.63167154788971
1.21,3.39381018692399,4.82244999936667,1.48968908660716,0.833724699950987,0,1.4907968044281
1.212,3.39675058090937,4.82416282360729,1.45073625203388,0.879066066760919,0,1.88445091247559
1.214,3.39959835107474,4.8259975491827,1.39704696601926,0.955641234105523,0,0.845062732696533
1.216,3.40237821835623,4.82790227864085,1.38287729918571,0.949039258464453,0,0.959175229072571
1.218,3.40512575578094,4.82980264039976,1.3647115242372,0.951278125296282,0,0.394352674484253
1.22,3.40785873309779,4.83166197915468,1.36834068980192,0.907999104371631,0,2.22367167472839
1.222,3.41052981468424,4.83358107312501,1.30273679048311,1.01109367703514,0,0.99143385887146
1.224,3.41311660561237,4.83560742851635,1.28410191305885,1.01522222846457,0,1.00908160209656
1.226,3.41566573887387,4.83764322477759,1.26507770510258,1.02053614736533,0,0.767240524291992
1.228,3.4181863391986,4.8396699565348,1.25557882364808,1.00615016889186,0,1.98060393333435
1.23,3.42064186338158,4.84176544158506,1.19994799481054,1.08933415389459,0,0.461978912353516
1.232,3.42304431304566,4.84390472852271,1.20256980040042,1.0498983659531,0,1.36597514152527
1.234,3.42541773538335,4.84603787946891,1.17088062989888,1.08323215558461,0,1.62014901638031
1.236,3.42771818143051,4.8482581503931,1.12958123393732,1.13703026340826,0,0.003882050514221
1.238,3.42999830598142,4.85045497335633,1.15062941898071,1.05972323671591,0,0.637521147727966
1.24,3.43229662775199,4.85254819438584,1.14775010935912,1.0334529386451,0,0.743673443794251
1.242,3.43458544071359,4.85459723358028,1.14111549726043,1.01554584822422,0,1.31011366844177
1.244,3.4368394158279,4.85665631019873,1.11288789565432,1.04351148655414,0,0.247980356216431
1.246,3.43907819411057,4.85868466107858,1.12596235737685,0.984782868293689,0,1.04561805725098
1.248,3.44131265305517,4.86066029225284,1.10853513206195,0.990820291425346,0,1.037278175354
1.25,3.44351281112732,4.86264715064886,1.09166123835532,0.996010657637999,0,0.823943614959717
1.252,3.44568773596711,4.86462677732681,1.08331002036815,0.983581822149523,0,0.946217179298401
1.254,3.44784148047929,4.86659135617932,1.07047545058627,0.980967690463064,0,1.63463592529297
1.256,3.4499429917255,4.86860698401866,1.03104820752672,1.0346564160356,0,0.073457956314087
1.258,3.45202660058615,4.87060178158461,1.05263544376809,0.960082644234826,0,0.224917531013489
1.26,3.45414791608547,4.87245953568147,1.06874762371987,0.897619610596312,0,0.631999373435974
1.262,3.4562859456344,4.87422556040004,1.06933316890203,0.868367127448174,0,1.60716354846954
1.264,3.45838728661617,4.87601320692243,1.03202167799975,0.919273141152667,0,0.677558779716492
1.266,3.4604505135179,4.87782594144742,1.031253619977,0.893426239258017,0,0.881112217903137
1.268,3.46250450759194,4.87960358446934,1.02278072471777,0.884188622595772,0,0.57739794254303
1.27,3.46455372637703,4.88133747066523,1.02648910355939,0.849660309646609,0,0.782746076583862
1.272,3.46660259188394,4.88301907620857,1.02241946316305,0.831914699335627,0,1.63385272026062
1.274,3.46861006842356,4.88473553940454,0.985068674615825,0.884544998677033,0,0.92656672000885
1.276,3.47057078901439,4.88649856649587,0.975688582421514,0.878457697821482,0,2.25126791000366
1.278,3.47246069097632,4.88835930687939,0.914199843410055,0.982304121281113,0,1.12243413925171
1.28,3.4742721358241,4.89033399638577,0.897272610294002,0.992370745967786,0,0.841584205627441
1.282,3.47606100378808,4.89230534447779,0.891633208194313,0.978953220263508,0,2.13720440864563
1.284,3.47778748355373,4.89435774943923,0.834833667906963,1.07347701059891,0,0.8650803565979
1.286,3.47945076022652,4.89649313810247,0.828478598264196,1.0618905579315,0,0.843964219093323
1.288,3.48110237855558,4.89860346240315,0.823175723116647,1.04841222458518,0,0.600014925003052
1.29,3.48275331384054,4.90066627507634,0.827804538330819,1.0143699668721,0,1.41090095043182
1.292,3.48438146301565,4.90272880978029,0.800358118719808,1.04816545883375,0,1.81967914104462
1.294,3.48593848545516,4.90489326543234,0.756660672280642,1.11630946484216,0,2.55415678024292
1.296,3.48737873099143,4.90725589437494,0.68354865205968,1.24637619193953,0,0.707577466964722
1.298,3.48874645733456,4.90972348408901,0.684216140405492,1.22119069466739,0,0.688188672065735
1.3,3.49011652600496,4.91213893082738,0.685891338580376,1.19423265481319,0,0.447278022766113
1.302,3.49149985383341,4.91447996654991,0.697484574650977,1.14676942860308,0,0.574257373809814
1.304,3.49290154699976,4.91673662008016,0.704251072207221,1.10985634622752,0,1.79160416126251
1.306,3.49426797781518,4.91902244653933,0.662173665083539,1.17599486292655,0,1.59360885620117
1.308,3.49555820439397,4.92142390015262,0.628053172497636,1.2254779884888,0,1.8939220905304
1.31,3.49676804813118,4.92394997324642,0.581776757068897,1.3006317528693,0,2.12526082992554
1.312,3.49787588237917,4.92664628583257,0.526031211805471,1.39573437613804,0,-0.67444771528244
1.314,3.4989856657849,4.92929425370798,0.583845382902967,1.25214613238617,0,1.51978254318237
1.316,3.50012244361987,4.93184206025009,0.552932805300672,1.29568147827657,0,1.43105506896973
1.318,3.5012010090421,4.93446947202363,0.525635594895625,1.33174906243118,0,0.901084542274475
1.32,3.502246615982,4.93712368128822,0.519996145483746,1.32245319744094,0,1.29434943199158
1.322,3.50326501961611,4.93979304608073,0.498415114958494,1.3469252645014,0,2.3228235244751
1.324,3.50419819259906,4.94259996640584,0.434719181923323,1.46006677842246,0,-0.138987600803375
1.326,3.50510474068077,4.945421301031,0.471897316023808,1.36120717742753,0,0.383082628250122
1.328,3.50606459235057,4.94808966274753,0.487999208537436,1.30712288893119,0,1.83778524398804
1.33,3.50699701049154,4.95077557203589,0.444401826003109,1.37883071866046,0,1.43192052841187
1.332,3.50785887325459,4.95356997757358,0.417459669078571,1.41560058893121,0,1.2995719909668
1.334,3.50867231360226,4.95642658302022,0.395984273903982,1.44102497785711,0,1.32036447525024
1.336,3.50944196182126,4.95933597062014,0.373665817365906,1.46838531288119,0,0.192371606826782
1.338,3.51021380525289,4.96220183548466,0.398228841975196,1.3974387126849,0,1.81360483169556
1.34,3.51096765259128,4.9650672328243,0.355598316528405,1.46800944696876,0,1.20067596435547
1.342,3.51166165871153,4.96802041732303,0.33841345936299,1.48519311929297,0,1.55036211013794
1.344,3.51230672349702,4.97103875960329,0.306640334935511,1.53318957619986,0,1.60603404045105
1.346,3.51288584320191,4.97415823727877,0.272464372867064,1.5863347400781,0,0.743973255157471
1.348,3.51343267929075,4.97730833594406,0.274396004091228,1.56375779162344,0,0.965265035629272
1.35,3.51397422081573,4.98043278317182,0.267159222672386,1.56069741456822,0,1.81356012821198
1.352,3.51446562963394,4.98362621902058,0.224222852362239,1.63280193176763,0,1.62284791469574
1.354,3.51487905452413,4.98694734105044,0.189182374270983,1.68837502417488,0,0.436011552810669
1.356,3.51527251640087,4.99027445131273,0.204316463100649,1.63871119733629,0,0.620540380477905
1.358,3.51568863820391,4.99351852887481,0.211833082957108,1.60535485159829,0,1.82454407215118
1.36,3.51606875981567,4.9968033192574,0.168258402646642,1.67950502581029,0,1.1021089553833
1.362,3.51639234130587,5.00017218700186,0.155326458501104,1.68938558328566,0,0.466595888137817
1.364,3.51671723182246,5.00350395309925,0.169597824247981,1.6423600199861,0,0.371115207672119
1.366,3.51707495579144,5.00673296263007,0.188163954852382,1.58662299460455,0,0.423722863197327
1.368,3.51746777976926,5.00985507938881,0.204694870542085,1.53547113455894,0,0.4462069272995
1.37,3.51789290656709,5.01287678725124,0.220465295787836,1.48621588886191,0,2.54775404930115
1.372,3.51825918186756,5.01598997960184,0.145746711255998,1.62709184635457,0,1.14657819271088
1.374,3.51853617116439,5.01925859243227,0.13124204554714,1.64154853984915,0,1.34629249572754
1.376,3.51877549717164,5.02257443543155,0.108073118812114,1.67433707854084,0,0.710872411727905
1.378,3.51899600371523,5.02589823563964,0.112452621328113,1.64946214020963,0,1.10286355018616
1.38,3.51920832648558,5.02920806724174,0.099870214275157,1.66039612612519,0,0.985487103462219
1.382,3.51940060353783,5.03252918772569,0.092412066562959,1.66074344491348,0,0.596675276756287
1.384,3.51959499442798,5.03581545784692,0.102002374381773,1.62551872369975,0,1.19090616703033
1.386,3.51978266536621,5.03908585488068,0.085663537479407,1.64491203414395,0,0.781532526016235
1.388,3.51995560981654,5.04235752556748,0.087294938057775,1.62676430354039,0,1.50897026062012
1.39,3.52009987149507,5.04566010954004,0.056945476507867,1.67587745446537,0,-0.019571483135223
1.392,3.52025076749972,5.048919791155,0.094001804997972,1.58375438522476,0,1.14482700824738
1.394,3.52042457368201,5.05210294347875,0.079800662569342,1.59942908663218,0,1.27587914466858
1.396,3.52056414340591,5.05532981822354,0.059758485962847,1.62748712393837,0,0.353773236274719
1.398,3.520704544128,5.05852713631446,0.080674664665115,1.56980835289533,0,1.2216180562973
1.4,3.52084831496843,5.06169000730987,0.063087958957512,1.59310019663391,0,1.18473291397095
1.402,3.52095850836788,5.06489623755786,0.04709822678774,1.61316626873515,0,0.868507027626038
1.404,3.52105082878242,5.0681131545554,0.045229390118044,1.60376529269935,0,1.13187730312347
1.406,3.52112764103421,5.07133611973914,0.031577279862209,1.61923361326164,0,0.89629054069519
1.408,3.52118770620462,5.07456802515993,0.028493002864407,1.61268932888481,0,0.742915272712708
1.41,3.52124854462675,5.07777246157625,0.032357515887161,1.59175383980213,0,1.89123868942261
1.412,3.52126531566646,5.08104377096433,-0.015629708462404,1.67964670101766,0,0.965367555618286
1.414,3.52122777030768,5.08440357038297,-0.021915618971588,1.68017807316459,0,1.12247169017792
1.416,3.52117052156187,5.08777952833442,-0.035341237657232,1.69581776617401,0,0.487974286079407
1.418,3.52111524268821,5.09112650131611,-0.019915040224963,1.65114542383492,0,1.72763407230377
1.42,3.52103440814222,5.09450253860633,-0.060957984570269,1.72497680111114,0,0.085492730140686
1.422,3.52094634191761,5.0978694427579,-0.027066655449393,1.64188760730668,0,1.74291610717773
1.424,3.5208503368562,5.10122907965943,-0.068978155902144,1.71783620485821,0,1.65494441986084
1.426,3.52067430754213,5.10473267768566,-0.107089025268688,1.78584680748914,0,1.73323452472687
1.428,3.5204182174666,5.10838037155738,-0.149045462472553,1.86194344374544,0,1.29247844219208
1.43,3.52009830566191,5.11213819885642,-0.170889260879587,1.89594640607015,0,0.736395716667175
1.432,3.51976032878009,5.11591045837674,-0.167081194960813,1.87632829889541,0,0.12391209602356
1.434,3.51945845852285,5.11958399036761,-0.134750334762563,1.7971664981931,0,0.813552737236023
1.436,3.51918936010277,5.12316623766759,-0.134345641560263,1.7851017013821,0,1.00260555744171
1.438,3.51891225668662,5.12674296665679,-0.142765442012076,1.79166432352464,0,-0.19961953163147
1.44,3.51867455600987,5.1302151926038,-0.094881732469404,1.68050009829081,0,0.483710169792175
1.442,3.51850086818934,5.1335318715236,-0.078787291467246,1.63617266652977,0,1.03365540504456
1.444,3.51833360734529,5.13681402453589,-0.088481668601801,1.64601687197928,0,1.24719858169556
1.446,3.51813683654767,5.14013716925348,-0.108308345357813,1.67718220829376,0,1.82759940624237
1.448,3.51787285264253,5.14358041568044,-0.15572561902526,1.76616891038173,0,1.20448052883148
1.45,3.51754326674668,5.14714045050306,-0.173880414457255,1.79392267978861,0,0.634241104125977
1.452,3.51720435263455,5.15069961177226,-0.165024590290122,1.76524752207959,0,1.57703220844269
1.454,3.51683827563968,5.15429550008551,-0.201093174823658,1.83073145722515,0,1.53300940990448
1.456,3.51640191595303,5.15801850719774,-0.235307148683755,1.89236681361329,0,2.05494165420532
1.458,3.51587186841473,5.16191767567314,-0.294813267823835,2.00694761509863,0,0.755014419555664
1.46,3.51528484155558,5.16591617662129,-0.292214255213335,1.99157865793907,0,1.04495227336884
1.462,3.51468903172017,5.1699133324931,-0.303613322339795,2.00563118164767,0,1.57175898551941
1.464,3.51404484484423,5.17399220388933,-0.34062332293063,2.0733486048964,0,0.911090970039368
1.466,3.51335837659714,5.1781401447009,-0.345856814831828,2.074636507168,0,1.08983933925629
1.468,3.51265267322618,5.18230911708982,-0.359869744593876,2.09439941174309,0,0.07006585597992
1.47,3.51196856800659,5.18641391767548,-0.324197993879848,2.01036095904736,0,1.07739150524139
1.472,3.51130672599556,5.19045351223727,-0.337666153496454,2.02929480818992,0,1.30872905254364
1.474,3.51060645583245,5.194555094849,-0.362640918059032,2.07237442136145,0,0.980501174926758
1.476,3.50987217592274,5.1987095625834,-0.371657210645016,2.08214800157392,0,1.30677342414856
1.478,3.50910363499819,5.20291760784399,-0.396922739941141,2.12598789225884,0,0.180877447128296
1.48,3.50834012146452,5.20709723078141,-0.366561408816072,2.0536074731253,0,1.25876069068909
1.482,3.50758392644783,5.21124393913175,-0.389669916576344,2.09318655090458,0,1.49728059768677
1.484,3.5067693997741,5.21549518811506,-0.42490957319206,2.15817711199054,0,0.512484312057495
1.486,3.50593333815369,5.21977413835086,-0.411144231818689,2.12078239783549,0,1.27839326858521
1.488,3.50508641664124,5.22405869151896,-0.435817902103813,2.16386436567337,0,1.42465114593506
1.49,3.50418253692677,5.22844536640735,-0.468113584255278,2.22292399714677,0,1.64565443992615
1.492,3.50320258596057,5.23297418188857,-0.511906358751071,2.30603584557,0,0.984596610069275
1.494,3.50216814029626,5.2376000755741,-0.522565933376249,2.31992773683727,0,0.407184362411499
1.496,3.50114158666846,5.24219280353911,-0.503975685812228,2.27280153872319,0,1.76585376262665
1.498,3.50008293410642,5.24683617992349,-0.554757875041592,2.37074123007284,0,0.684883594512939
1.5,3.49897759711025,5.25156076867745,-0.5505874078324,2.35388474437819,0,1.68959438800812
1.502,3.49782890058236,5.25635976205867,-0.598189087948035,2.44527406130709,0,0.69089412689209
1.504,3.49663604410808,5.26123490647628,-0.594677888707019,2.42991152502765,0,1.85237884521484
1.506,3.49538999627155,5.26620520254753,-0.651466399378882,2.54058053034186,0,1.11474454402924
1.508,3.49406812970056,5.27131794837867,-0.67044492950243,2.57226854073175,0,2.16944575309753
1.51,3.49265298991043,5.27660964148983,-0.744824356653589,2.71968228667457,0,0.930273532867432
1.512,3.49115323718958,5.28206214541758,-0.754963598195504,2.7329082749456,0,1.25514447689056
1.514,3.48961589780895,5.28757731635262,-0.782438662582417,2.78239995539902,0,1.44097149372101
1.516,3.48801340707577,5.29321280311139,-0.820132831863085,2.85325727695768,0,0.992339849472046
1.518,3.48635884659338,5.29894133805619,-0.834472816145902,2.8753829303901,0,0.913260579109192
1.52,3.48467954776429,5.30470596240389,-0.844865548924203,2.88933631924072,0,1.82178616523743
1.522,3.48293058593081,5.31060057999563,-0.9042172959538,3.00552716890294,0,1.63099884986877
1.524,3.48107244295675,5.31670766640438,-0.954035157116594,3.10178466476859,0,0.752288103103638
1.526,3.47916147718129,5.32290956409326,-0.956961904330605,3.10019317077373,0,2.24976253509521
1.528,3.47716317489709,5.3292783826447,-1.04151597849223,3.2689754750188,0,2.19735383987427
1.53,3.47499754817767,5.33598094582685,-1.12429211001612,3.43395039218811,0,0.369015336036682
1.532,3.47276553065166,5.34280650493918,-1.10772517641516,3.39163014433454,0,2.03432607650757
1.534,3.47047485018754,5.34973903096479,-1.18312927613782,3.54124607749193,0,1.2575089931488
1.536,3.46807535131854,5.35688313577829,-1.21646734256444,3.60306560870502,0,0.713637471199036
1.538,3.46563888920872,5.36408893295002,-1.22003564936736,3.60283075838386,0,0.070408582687378
1.54,3.46323107919541,5.3712197161364,-1.18774615247127,3.52792030787944,0,1.59584999084473
1.542,3.4608020991116,5.37837962568355,-1.24137251769238,3.63227380767738,0,1.560098528862
1.544,3.45826704793136,5.38574575199362,-1.2938190329374,3.7341411932886,0,1.8646103143692
1.546,3.45560890618093,5.39335352307214,-1.36450502270919,3.8739995092755,0,-0.65096527338028
1.548,3.45295239140058,5.40094288742239,-1.29190047865907,3.71517688049652,0,0.896212458610535
1.55,3.45035261016396,5.40839923989353,-1.30795122842996,3.74133113617866,0,0.038009285926819
1.552,3.44777001643934,5.41580523720792,-1.27461521156348,3.66463449734159,0,1.34893894195557
1.554,3.44517789686699,5.42321676777799,-1.31762881034041,3.74715486062792,0,1.54833436012268
1.556,3.44248731382415,5.43081924680725,-1.37310725688398,3.85563835092175,0,-1.1695408821106
1.558,3.43984497014071,5.43830700766517,-1.26907029719788,3.63182350230151,0,0.871011018753052
1.56,3.43729081370254,5.4455971588674,-1.28515773629725,3.6584848903687,0,0.726923942565918
